userEmail,pistaNombre,fecha,hora,duracion
Katie44@yahoo.com,Pista profitable 16,2026-06-27,18:00,2
Timmy_Schmidt4@yahoo.com,Pista far-off 41,2026-06-09,18:00,1
Prudence_Klein@gmail.com,Pista spherical 34,2026-05-25,11:00,2
Cornell_Windler31@yahoo.com,Pista defensive 23,2026-12-27,16:00,2
Maryam14@hotmail.com,Pista edible 4,2027-04-11,18:00,2
Amiya_Baumbach@gmail.com,Pista chubby 32,2026-10-10,09:00,2
Prudence_Klein@gmail.com,Pista obedient 33,2027-02-10,16:00,1
Debbie_Marvin@hotmail.com,Pista everlasting 6,2026-07-21,10:00,1
Isadore7@gmail.com,Pista personal 10,2026-05-27,16:00,2
Hugo.Jones50@yahoo.com,Pista profitable 16,2026-08-02,12:00,2
Madaline_Donnelly@hotmail.com,Pista blank 14,2026-07-11,17:00,2
Chasity0@yahoo.com,Pista imaginary 50,2026-07-29,09:00,1
Clayton_OReilly67@gmail.com,Pista all 37,2027-02-08,18:00,2
Dewey33@gmail.com,Pista all 37,2026-07-29,17:00,1
Dewey33@gmail.com,Pista massive 45,2027-02-01,17:00,1
Michele.Torp@gmail.com,Pista golden 31,2026-09-14,09:00,1
Keaton18@yahoo.com,Pista happy 19,2026-10-10,09:00,1
Rosalind3@hotmail.com,Pista jittery 12,2026-06-08,11:00,2
Nathaniel11@gmail.com,Pista peaceful 27,2026-09-21,17:00,2
Keaton18@yahoo.com,Pista celebrated 39,2027-03-27,09:00,1
Vincent.King31@yahoo.com,Pista creamy 21,2027-03-05,10:00,2
Amy66@gmail.com,Pista mealy 15,2026-09-26,17:00,2
Dewey33@gmail.com,Pista severe 18,2027-04-13,09:00,1
Dewey33@gmail.com,Pista profitable 16,2026-07-27,18:00,1
Rebeca89@hotmail.com,Pista peaceful 27,2026-09-04,16:00,2
Stella74@yahoo.com,Pista soggy 29,2026-08-06,09:00,1
Hugo.Jones50@yahoo.com,Pista nimble 46,2026-07-12,09:00,1
Michele.Torp@gmail.com,Pista extra-large 11,2026-12-15,17:00,1
Dewey33@gmail.com,Pista made-up 25,2026-08-10,12:00,1
Prudence_Klein@gmail.com,Pista spherical 34,2027-03-14,16:00,2
Prudence_Klein@gmail.com,Pista golden 31,2027-01-14,18:00,2
Prudence_Klein@gmail.com,Pista personal 10,2026-10-16,10:00,2
Ruby.Hackett@gmail.com,Pista chubby 32,2026-12-28,18:00,2
Roxane17@yahoo.com,Pista severe 18,2026-09-02,09:00,2
Sonny_Howell@yahoo.com,Pista wealthy 1,2026-07-02,18:00,2
Isadore7@gmail.com,Pista everlasting 6,2026-12-13,10:00,2
Michele.Torp@gmail.com,Pista staid 38,2026-09-20,16:00,2
Hugo.Jones50@yahoo.com,Pista tame 26,2027-01-03,10:00,1
Matt.Muller@gmail.com,Pista dirty 17,2026-09-10,10:00,1
General_Abbott18@hotmail.com,Pista made-up 25,2027-01-14,18:00,2
Rebeca89@hotmail.com,Pista juicy 40,2027-04-15,18:00,1
Jeanette_Hoppe@yahoo.com,Pista golden 31,2026-12-13,17:00,1
Michele.Torp@gmail.com,Pista well-made 22,2027-01-29,16:00,1
Chasity0@yahoo.com,Pista dirty 17,2026-12-25,18:00,2
Walker96@gmail.com,Pista unselfish 47,2026-11-28,16:00,2
Marty17@hotmail.com,Pista well-groomed 5,2027-04-11,16:00,2
Dewey33@gmail.com,Pista unselfish 7,2026-08-04,18:00,2
Leda_Jones6@hotmail.com,Pista creamy 21,2026-12-30,16:00,2
Walker96@gmail.com,Pista profitable 16,2026-06-17,17:00,1
Chaya.Blick54@hotmail.com,Pista practical 2,2026-05-25,09:00,1