nombre,apellido,email,password,rol,telefono,fechaRegistro
Admin,Sportify,admin@sportify.com,admin123,admin,123456789,Tue Mar 10 2026 21:20:01 GMT+0100 (hora estándar de Europa central)
Vincenza,Ruecker,Jocelyn.Anderson89@hotmail.com,awBnQ8_jp_eowxt,club,266.951.5076,Sat Feb 07 2026 06:42:48 GMT+0100 (hora estándar de Europa central)
Clementina,Kihn,Whitney_Greenholt@yahoo.com,iD4h5vXmOrHUHmp,club,329-830-1486 x98018,Mon Nov 24 2025 17:23:38 GMT+0100 (hora estándar de Europa central)
Lemuel,Keebler,Dewitt_Orn14@hotmail.com,MnOuNPdNO1WHOOJ,club,779.942.1714 x32328,Mon Jul 07 2025 05:05:30 GMT+0200 (hora de verano de Europa central)
Brycen,Walsh,Christophe_Fisher@gmail.com,WbXI1_p6bBsZJ8j,user,1-997-975-8677,Thu Oct 02 2025 19:27:35 GMT+0200 (hora de verano de Europa central)
Juliet,Lehner,Laney48@hotmail.com,gozmPMpqhbKBqe2,club,792.667.3478,Fri Jun 06 2025 18:13:58 GMT+0200 (hora de verano de Europa central)
Miles,Casper,Nina.Stokes@hotmail.com,e76f5GEs26753wW,club,558.346.9991,Sun Jan 25 2026 02:24:10 GMT+0100 (hora estándar de Europa central)
Delores,Rau,Emmet_Ebert92@hotmail.com,t_GAFAXTKM0haTz,admin,928.270.2708,Sun Apr 20 2025 01:59:47 GMT+0200 (hora de verano de Europa central)
Zoey,Mayert,Daphnee70@yahoo.com,0T1qFQPNbOv8RNz,admin,670.244.7592 x791,Mon May 12 2025 03:21:12 GMT+0200 (hora de verano de Europa central)
Georgiana,Kautzer,Geovany84@hotmail.com,Oo831Zi6P5xlS2O,club,495.372.2444 x710,Mon Jan 19 2026 05:26:55 GMT+0100 (hora estándar de Europa central)
Mathew,Gottlieb-Haley,Haleigh_Maggio56@yahoo.com,O6i7BDQsAmHJBIY,admin,747-547-1113 x626,Sat Mar 22 2025 13:53:59 GMT+0100 (hora estándar de Europa central)
Geovany,Greenfelder,Casey.Strosin@yahoo.com,vboibplljzfpBY9,user,904.468.7726,Tue Aug 19 2025 07:56:41 GMT+0200 (hora de verano de Europa central)
Earline,Ferry,Elisabeth_Carroll88@hotmail.com,0KQ28rVA1IK74xN,club,753.250.7568 x52087,Tue Mar 03 2026 21:54:43 GMT+0100 (hora estándar de Europa central)
Scottie,Monahan,Karli_Lueilwitz49@hotmail.com,NSbwkuuKtUdVL1c,user,1-812-999-7069 x93882,Thu Nov 13 2025 14:33:26 GMT+0100 (hora estándar de Europa central)
Granville,Von,Sarina42@gmail.com,uKHsydq0u77b7M_,user,(668) 609-3659 x32098,Tue Oct 07 2025 18:06:26 GMT+0200 (hora de verano de Europa central)
Javier,Bosco,Marcelina.Harvey@hotmail.com,NOs66fD6ukLBln8,user,820.745.2098,Sun Jun 01 2025 08:35:04 GMT+0200 (hora de verano de Europa central)
Austen,Hauck,Ulices_Corkery24@yahoo.com,GXdxWu8H6pdAcGv,user,520-252-7646 x4035,Tue Dec 02 2025 13:40:42 GMT+0100 (hora estándar de Europa central)
Arlene,Hagenes,Solon_Glover21@yahoo.com,L_VvS9o3q92fxlV,user,202.817.5398 x014,Fri Mar 21 2025 02:03:46 GMT+0100 (hora estándar de Europa central)
Adan,Haley,Letha_Cassin@gmail.com,s2nFFy5lSmCuQqJ,club,856-752-3877 x036,Thu Aug 28 2025 09:18:33 GMT+0200 (hora de verano de Europa central)
Dixie,Turner,Jude_Quitzon12@yahoo.com,ySXfYVTFRb1yyxh,club,786-941-9566 x63207,Thu Jul 17 2025 22:23:32 GMT+0200 (hora de verano de Europa central)
Omer,Beatty,Wanda.Powlowski77@hotmail.com,xQcJ6Y_OBDAKBGS,admin,(399) 749-2454 x70996,Sat Mar 07 2026 04:45:43 GMT+0100 (hora estándar de Europa central)
Vaughn,Goldner,Patricia_Ryan26@gmail.com,0n_AeHzMSODhfJq,club,722.506.5837 x195,Wed Oct 01 2025 01:09:07 GMT+0200 (hora de verano de Europa central)
Aryanna,Beer,Marisa20@hotmail.com,8Zuq46DZazwlndI,admin,(725) 682-4586,Fri May 09 2025 23:14:56 GMT+0200 (hora de verano de Europa central)
Liam,Hilll,Stephan_Langosh@gmail.com,onWW0QGHDd85DIJ,club,1-805-630-0956,Tue Oct 21 2025 22:06:12 GMT+0200 (hora de verano de Europa central)
Macey,Shanahan,Donnie.Hilll65@yahoo.com,U0SldbXvdMLmPWp,admin,(704) 626-3561 x007,Sun Feb 08 2026 15:06:29 GMT+0100 (hora estándar de Europa central)
Vicente,Langosh-Wiza,Floy_Herman@yahoo.com,BtliWenKOGAAYpS,club,1-300-852-1994,Wed Apr 09 2025 00:31:57 GMT+0200 (hora de verano de Europa central)
Kiley,Ward,Steve.Aufderhar@gmail.com,QSoAUsWRalNScV_,user,(970) 656-8763,Fri Oct 17 2025 17:56:38 GMT+0200 (hora de verano de Europa central)
Kieran,Franey,Josie.Yundt@yahoo.com,ubeJ3sC6LAKKDoe,club,485.804.0099 x4974,Wed Apr 16 2025 05:36:39 GMT+0200 (hora de verano de Europa central)
Jimmy,Rutherford,Salvatore_Bode@hotmail.com,TpZ1U7Gn4un7T1S,user,(447) 832-9836 x1102,Sun Mar 16 2025 08:12:24 GMT+0100 (hora estándar de Europa central)
Breanne,Jacobs,Adelle.Block@hotmail.com,3L3GdQuuM3IN68Q,club,1-659-787-2688 x4983,Wed Aug 20 2025 20:52:48 GMT+0200 (hora de verano de Europa central)